USE test1;
-- Таблица "Товары"
CREATE TABLE Products (
    id INT PRIMARY KEY,
    name VARCHAR(255) NOT NULL,
    cost DECIMAL(10, 2) NOT NULL,
    volume INT NOT NULL
);

-- Таблица "Менеджеры"
CREATE TABLE Managers (
    id INT PRIMARY KEY,
    fio VARCHAR(255) NOT NULL,
    salary DECIMAL(10, 2) NOT NULL,
    age INT NOT NULL,
    phone VARCHAR(20) NULL
);

-- Таблица "Продажи"
CREATE TABLE Sells (
    id INT PRIMARY KEY,
    id_manag INT,
    id_prod INT,
    count INT NOT NULL,
    sum DECIMAL(10, 2) NOT NULL,
    date DATE NOT NULL,
    FOREIGN KEY (id_manag) REFERENCES Managers(id),
    FOREIGN KEY (id_prod) REFERENCES Products(id)
);

-- Заполнение таблицы "Товары"
INSERT INTO Products (id, name, cost, volume) VALUES
    (1, 'Фанера', 100.00, 50),
    (2, 'ОСБ', 50.00, 20),
    (3, 'Теплоноситель', 250.00, 10),
    (4, 'Решетка', 500.00, 5),
    (5, 'Плитка', 700.00, 3),
    (6, 'Профиль', 150.00, 15),
    (7, 'Штукатурка', 100.00, 8),
    (8, 'Шпаклевка', 80.00, 12),
    (9, 'Уголок', 200.00, 6),
    (10, 'Сетка', 300.00, 4),
    (11, 'Цемент', 30.00, 25);

-- Заполнение таблицы "Менеджеры"
INSERT INTO Managers (id, fio, salary, age, phone) VALUES
    (1, 'Иванов Иван Иванович', 2000.00, 30, '+7-999-123-45-67'),
    (2, 'Петров Петр Петрович', 1800.00, 35, '+7-999-987-65-43'),
    (3, 'Сидорова Анна Васильевна', 2200.00, 28, '+7-999-555-44-33'),
    (4, 'Козлов Иван Петрович', 1800.00, 32, null),
    (5, 'Смирнова Елена Сергеевна', 2000.00, 28, null),
    (6, 'Николаева Ольга Викторовна', 2200.00, 34, '+7-999-666-55-44'),
    (7, 'Кузнецов Денис Александрович', 1900.00, 29, null),
    (8, 'Морозов Алексей Игоревич', 2100.00, 31, '+7-999-444-33-22'),
    (9, 'Попов Андрей Владимирович', 2000.00, 30, '+7-999-333-22-11'),
    (10, 'Васильева Мария Андреевна', 2300.00, 27, '+7-999-222-11-00'),
    (11, 'Петров Игорь Дмитриевич', 1900.00, 32, '+7-999-111-00-99'),
    (12, 'Соколова Алена Сергеевна', 2100.00, 29, '+7-999-999-88-77'),
    (13, 'Ковалев Александр Михайлович', 1800.00, 33, '+7-999-888-77-66');

-- Заполнение таблицы "Продажи"
INSERT INTO Sells (id, id_manag, id_prod, count, sum, date) VALUES
    (1, 1, 1, 2, 200.00, '2021-06-20'),
    (2, 2, 2, 1, 250.00, '2021-07-22'),
    (3, 3, 3, 4, 200.00, '2021-03-20'),
    (4, 1, 2, 3, 750.00, '2021-09-22'),
    (5, 2, 3, 2, 100.00, '2021-10-21'),
    (6, 4, 2, 3, 750.00, '2021-01-18'),
    (7, 5, 3, 4, 200.00, '2021-06-20'),
    (8, 6, 4, 2, 1000.00, '2021-08-22'),
    (9, 7, 5, 1, 700.00, '2021-06-20'),
    (10, 8, 6, 5, 750.00, '2021-08-22'),
    (11, 9, 7, 2, 200.00, '2021-06-20'),
    (12, 10, 8, 3, 240.00, '2021-08-22'),
    (13, 11, 9, 4, 800.00, '2021-06-20'),
    (14, 4, 10, 2, 600.00, '2021-08-22'),
    (15, 5, 11, 1, 30.00, '2021-06-20');